barcode,store,currency,basis,distinct_dates,history_status,basis_known,pack_continuity,forecast_authorized
8901287100518,2754,INR,UNKNOWN,2,insufficient_history,False,Not established by barcode alone,False
6291100212606,1738,INR,UNKNOWN,2,insufficient_history,False,Not established by barcode alone,False
8901207049644,2754,INR,UNKNOWN,2,insufficient_history,False,Not established by barcode alone,False
8901030795589,2754,INR,UNKNOWN,2,insufficient_history,False,Not established by barcode alone,False
8901030695452,2754,INR,UNKNOWN,2,insufficient_history,False,Not established by barcode alone,False
8909106040175,2754,INR,UNKNOWN,2,insufficient_history,False,Not established by barcode alone,False
8901764042805,2788,INR,UNKNOWN,1,insufficient_history,False,Not established by barcode alone,False
8901764032707,3967,INR,UNKNOWN,1,insufficient_history,False,Not established by barcode alone,False
8904037212318,3602,INR,UNKNOWN,1,insufficient_history,False,Not established by barcode alone,False
8904043551524,1738,INR,UNKNOWN,1,insufficient_history,False,Not established by barcode alone,False
8904043551548,1738,INR,UNKNOWN,1,insufficient_history,False,Not established by barcode alone,False
8904043553054,1439,INR,UNKNOWN,1,insufficient_history,False,Not established by barcode alone,False
8904057396289,5185,INR,UNKNOWN,1,insufficient_history,False,Not established by barcode alone,False
8906036300058,6451,INR,UNKNOWN,1,insufficient_history,False,Not established by barcode alone,False
8906043190451,5663,INR,UNKNOWN,1,insufficient_history,False,Not established by barcode alone,False
8906060010107,3160,INR,UNKNOWN,1,insufficient_history,False,Not established by barcode alone,False
8906069852043,3112,INR,UNKNOWN,1,insufficient_history,False,Not established by barcode alone,False
8901725125370,1738,INR,UNKNOWN,1,insufficient_history,False,Not established by barcode alone,False
8906078262178,3561,INR,UNKNOWN,1,insufficient_history,False,Not established by barcode alone,False
8902901226690,1738,INR,UNKNOWN,1,insufficient_history,False,Not established by barcode alone,False
8906033534074,4288,INR,UNKNOWN,1,insufficient_history,False,Not established by barcode alone,False
8906032019664,2928,INR,UNKNOWN,1,insufficient_history,False,Not established by barcode alone,False
8906032018810,1738,INR,UNKNOWN,1,insufficient_history,False,Not established by barcode alone,False
8906031251263,3967,INR,UNKNOWN,1,insufficient_history,False,Not established by barcode alone,False
8906024482049,4666,INR,UNKNOWN,1,insufficient_history,False,Not established by barcode alone,False
8906019779659,3300,INR,UNKNOWN,1,insufficient_history,False,Not established by barcode alone,False
8906019776092,5613,INR,UNKNOWN,1,insufficient_history,False,Not established by barcode alone,False
8901764032301,1123,INR,UNKNOWN,1,insufficient_history,False,Not established by barcode alone,False
8906011830068,2925,INR,UNKNOWN,1,insufficient_history,False,Not established by barcode alone,False
8906010911218,4356,INR,UNKNOWN,1,insufficient_history,False,Not established by barcode alone,False
8901972075688,5245,INR,UNKNOWN,1,insufficient_history,False,Not established by barcode alone,False
8901962222375,5550,INR,UNKNOWN,1,insufficient_history,False,Not established by barcode alone,False
8901888005748,1697,INR,UNKNOWN,1,insufficient_history,False,Not established by barcode alone,False
8901826601209,5945,INR,UNKNOWN,1,insufficient_history,False,Not established by barcode alone,False
8906080603280,3281,INR,UNKNOWN,1,insufficient_history,False,Not established by barcode alone,False
8906078721026,3676,INR,UNKNOWN,1,insufficient_history,False,Not established by barcode alone,False
8906018302001,3936,INR,UNKNOWN,1,insufficient_history,False,Not established by barcode alone,False
8906125670246,2754,INR,UNKNOWN,1,insufficient_history,False,Not established by barcode alone,False
8906113490801,1738,INR,UNKNOWN,1,insufficient_history,False,Not established by barcode alone,False
8906112662803,4473,INR,UNKNOWN,1,insufficient_history,False,Not established by barcode alone,False
8906095124732,3457,INR,UNKNOWN,1,insufficient_history,False,Not established by barcode alone,False
8906080604751,4094,INR,UNKNOWN,1,insufficient_history,False,Not established by barcode alone,False
8906080603518,1697,INR,UNKNOWN,1,insufficient_history,False,Not established by barcode alone,False
8901764421273,6214,INR,UNKNOWN,1,insufficient_history,False,Not established by barcode alone,False
8902901225914,1738,INR,UNKNOWN,1,insufficient_history,False,Not established by barcode alone,False
8901764082405,3420,INR,UNKNOWN,1,insufficient_history,False,Not established by barcode alone,False
8901764061257,3791,INR,UNKNOWN,1,insufficient_history,False,Not established by barcode alone,False
8901764052309,7524,INR,UNKNOWN,1,insufficient_history,False,Not established by barcode alone,False
8901491366052,6620,INR,UNKNOWN,1,insufficient_history,False,Not established by barcode alone,False
8901491103800,2014,INR,UNKNOWN,1,insufficient_history,False,Not established by barcode alone,False
8901491103794,4664,INR,UNKNOWN,1,insufficient_history,False,Not established by barcode alone,False
8901425076804,6076,INR,UNKNOWN,1,insufficient_history,False,Not established by barcode alone,False
8901399084515,5435,INR,UNKNOWN,1,insufficient_history,False,Not established by barcode alone,False
8901764112911,6453,INR,UNKNOWN,1,insufficient_history,False,Not established by barcode alone,False
8901725118921,3168,INR,UNKNOWN,1,insufficient_history,False,Not established by barcode alone,False
8901725118921,2792,INR,UNKNOWN,1,insufficient_history,False,Not established by barcode alone,False
8901725015275,7041,INR,UNKNOWN,1,insufficient_history,False,Not established by barcode alone,False
8902901027310,1738,INR,UNKNOWN,1,insufficient_history,False,Not established by barcode alone,False
8902710500752,1738,INR,UNKNOWN,1,insufficient_history,False,Not established by barcode alone,False
8902579000370,5613,INR,UNKNOWN,1,insufficient_history,False,Not established by barcode alone,False
8902519002020,4666,INR,UNKNOWN,1,insufficient_history,False,Not established by barcode alone,False
8906137050012,6192,INR,UNKNOWN,1,insufficient_history,False,Not established by barcode alone,False
8902246014457,6066,INR,UNKNOWN,1,insufficient_history,False,Not established by barcode alone,False
8902080364589,1106,INR,UNKNOWN,1,insufficient_history,False,Not established by barcode alone,False
8902080304059,5256,INR,UNKNOWN,1,insufficient_history,False,Not established by barcode alone,False
8902080000722,2575,INR,UNKNOWN,1,insufficient_history,False,Not established by barcode alone,False
8901719127786,2651,INR,UNKNOWN,1,insufficient_history,False,Not established by barcode alone,False
8901719101038,2564,INR,UNKNOWN,1,insufficient_history,False,Not established by barcode alone,False
8901691000633,2754,INR,UNKNOWN,1,insufficient_history,False,Not established by barcode alone,False
8901595862818,2949,INR,UNKNOWN,1,insufficient_history,False,Not established by barcode alone,False
8902433007385,4975,INR,UNKNOWN,1,insufficient_history,False,Not established by barcode alone,False
8906003656126,1439,INR,UNKNOWN,1,insufficient_history,False,Not established by barcode alone,False
8906005274106,2589,INR,UNKNOWN,1,insufficient_history,False,Not established by barcode alone,False
TA024473,2754,INR,UNKNOWN,1,insufficient_history,False,Not established by barcode alone,False
8909106051102,4135,INR,UNKNOWN,1,insufficient_history,False,Not established by barcode alone,False
8909106066410,2754,INR,UNKNOWN,1,insufficient_history,False,Not established by barcode alone,False
8939114831816,6076,INR,UNKNOWN,1,insufficient_history,False,Not established by barcode alone,False
8996001305706,6076,INR,UNKNOWN,1,insufficient_history,False,Not established by barcode alone,False
8996001312490,1506,INR,UNKNOWN,1,insufficient_history,False,Not established by barcode alone,False
8998009010224,4508,INR,UNKNOWN,1,insufficient_history,False,Not established by barcode alone,False
97276722,5625,INR,UNKNOWN,1,insufficient_history,False,Not established by barcode alone,False
9786023178643,4508,INR,UNKNOWN,1,insufficient_history,False,Not established by barcode alone,False
9786237447450,4508,INR,UNKNOWN,1,insufficient_history,False,Not established by barcode alone,False
0048107251123,1697,INR,UNKNOWN,1,insufficient_history,False,Not established by barcode alone,False
8906005506955,5551,INR,UNKNOWN,1,insufficient_history,False,Not established by barcode alone,False
8906005508904,1814,INR,UNKNOWN,1,insufficient_history,False,Not established by barcode alone,False
8901414001176,3087,INR,UNKNOWN,1,insufficient_history,False,Not established by barcode alone,False
8909106034938,4357,INR,UNKNOWN,1,insufficient_history,False,Not established by barcode alone,False
3948719127465,1675,INR,UNKNOWN,1,insufficient_history,False,Not established by barcode alone,False
1701040600001,5551,INR,UNKNOWN,1,insufficient_history,False,Not established by barcode alone,False
11928227,4357,INR,UNKNOWN,1,insufficient_history,False,Not established by barcode alone,False
0986614900106,3976,INR,UNKNOWN,1,insufficient_history,False,Not established by barcode alone,False
0946590641530,6387,INR,UNKNOWN,1,insufficient_history,False,Not established by barcode alone,False
0811307031716,1738,INR,UNKNOWN,1,insufficient_history,False,Not established by barcode alone,False
8906006720305,3967,INR,UNKNOWN,1,insufficient_history,False,Not established by barcode alone,False
0799872395238,6212,INR,UNKNOWN,1,insufficient_history,False,Not established by barcode alone,False
0742259099687,2186,INR,UNKNOWN,1,insufficient_history,False,Not established by barcode alone,False
0724022008461,4357,INR,UNKNOWN,1,insufficient_history,False,Not established by barcode alone,False
0706502578329,4288,INR,UNKNOWN,1,insufficient_history,False,Not established by barcode alone,False
0099482410681,3383,INR,UNKNOWN,1,insufficient_history,False,Not established by barcode alone,False
0000103595317,4508,INR,UNKNOWN,1,insufficient_history,False,Not established by barcode alone,False
00001292,2589,INR,UNKNOWN,1,insufficient_history,False,Not established by barcode alone,False
8906007280952,3023,INR,UNKNOWN,1,insufficient_history,False,Not established by barcode alone,False
0810048090020,4288,INR,UNKNOWN,1,insufficient_history,False,Not established by barcode alone,False
8904256020572,2569,INR,UNKNOWN,1,insufficient_history,False,Not established by barcode alone,False
8904256000109,1675,INR,UNKNOWN,1,insufficient_history,False,Not established by barcode alone,False
8904132976962,4288,INR,UNKNOWN,1,insufficient_history,False,Not established by barcode alone,False
8904132976351,3153,INR,UNKNOWN,1,insufficient_history,False,Not established by barcode alone,False
8904132959347,6387,INR,UNKNOWN,1,insufficient_history,False,Not established by barcode alone,False
8904132928640,1738,INR,UNKNOWN,1,insufficient_history,False,Not established by barcode alone,False
8904132909953,2575,INR,UNKNOWN,1,insufficient_history,False,Not established by barcode alone,False
8906001022626,4180,INR,UNKNOWN,1,insufficient_history,False,Not established by barcode alone,False
8904089974844,3801,INR,UNKNOWN,1,insufficient_history,False,Not established by barcode alone,False
8904089929110,1439,INR,UNKNOWN,1,insufficient_history,False,Not established by barcode alone,False
8904083303077,4417,INR,UNKNOWN,1,insufficient_history,False,Not established by barcode alone,False
8904083301813,3023,INR,UNKNOWN,1,insufficient_history,False,Not established by barcode alone,False
8904004400045,1738,INR,UNKNOWN,1,insufficient_history,False,Not established by barcode alone,False
8904001800237,3251,INR,UNKNOWN,1,insufficient_history,False,Not established by barcode alone,False
8903363009067,4363,INR,UNKNOWN,1,insufficient_history,False,Not established by barcode alone,False
8903363008275,4363,INR,UNKNOWN,1,insufficient_history,False,Not established by barcode alone,False
8904089993807,1738,INR,UNKNOWN,1,insufficient_history,False,Not established by barcode alone,False
8904336807512,3479,INR,UNKNOWN,1,insufficient_history,False,Not established by barcode alone,False
8904336800339,2708,INR,UNKNOWN,1,insufficient_history,False,Not established by barcode alone,False
8904335604150,3783,INR,UNKNOWN,1,insufficient_history,False,Not established by barcode alone,False
8904335602392,3428,INR,UNKNOWN,1,insufficient_history,False,Not established by barcode alone,False
8904320075446,5091,INR,UNKNOWN,1,insufficient_history,False,Not established by barcode alone,False
8904320036683,2754,INR,UNKNOWN,1,insufficient_history,False,Not established by barcode alone,False
8904320015398,2994,INR,UNKNOWN,1,insufficient_history,False,Not established by barcode alone,False
8904256023283,4666,INR,UNKNOWN,1,insufficient_history,False,Not established by barcode alone,False
8906010502201,2226,INR,UNKNOWN,1,insufficient_history,False,Not established by barcode alone,False
8906010500764,5620,INR,UNKNOWN,1,insufficient_history,False,Not established by barcode alone,False
8906010500542,2425,INR,UNKNOWN,1,insufficient_history,False,Not established by barcode alone,False
8906010500214,2930,INR,UNKNOWN,1,insufficient_history,False,Not established by barcode alone,False
8906010500023,2674,INR,UNKNOWN,1,insufficient_history,False,Not established by barcode alone,False
8906010504878,4288,INR,UNKNOWN,1,insufficient_history,False,Not established by barcode alone,False
8906010503543,4878,INR,UNKNOWN,1,insufficient_history,False,Not established by barcode alone,False
8904288603613,4357,INR,UNKNOWN,1,insufficient_history,False,Not established by barcode alone,False
8906010502232,2674,INR,UNKNOWN,1,insufficient_history,False,Not established by barcode alone,False
80177173,5100,INR,UNKNOWN,1,insufficient_history,False,Not established by barcode alone,False
8806090000973,3479,INR,UNKNOWN,1,insufficient_history,False,Not established by barcode alone,False
89000564,3087,INR,UNKNOWN,1,insufficient_history,False,Not established by barcode alone,False
8901012136010,1738,INR,UNKNOWN,1,insufficient_history,False,Not established by barcode alone,False
8901030535697,2754,INR,UNKNOWN,1,insufficient_history,False,Not established by barcode alone,False
8901030698316,2568,INR,UNKNOWN,1,insufficient_history,False,Not established by barcode alone,False
8901030718861,4257,INR,UNKNOWN,1,insufficient_history,False,Not established by barcode alone,False
8901030817281,2754,INR,UNKNOWN,1,insufficient_history,False,Not established by barcode alone,False
8901030831706,2014,INR,UNKNOWN,1,insufficient_history,False,Not established by barcode alone,False
3948764012990,5915,INR,UNKNOWN,1,insufficient_history,False,Not established by barcode alone,False
4006040132974,4664,INR,UNKNOWN,1,insufficient_history,False,Not established by barcode alone,False
8901058010749,4664,INR,UNKNOWN,1,insufficient_history,False,Not established by barcode alone,False
8901058017687,3682,INR,UNKNOWN,1,insufficient_history,False,Not established by barcode alone,False
8901058018639,5551,INR,UNKNOWN,1,insufficient_history,False,Not established by barcode alone,False
8901063017399,3967,INR,UNKNOWN,1,insufficient_history,False,Not established by barcode alone,False
8906188960018,5803,INR,UNKNOWN,1,insufficient_history,False,Not established by barcode alone,False
8908012605010,4258,INR,UNKNOWN,1,insufficient_history,False,Not established by barcode alone,False
8908010900070,1697,INR,UNKNOWN,1,insufficient_history,False,Not established by barcode alone,False
8908010881003,1738,INR,UNKNOWN,1,insufficient_history,False,Not established by barcode alone,False
8908009523013,4180,INR,UNKNOWN,1,insufficient_history,False,Not established by barcode alone,False
8901192002105,1123,INR,UNKNOWN,1,insufficient_history,False,Not established by barcode alone,False
8901030980053,5223,INR,UNKNOWN,1,insufficient_history,False,Not established by barcode alone,False
8901030979354,3143,INR,UNKNOWN,1,insufficient_history,False,Not established by barcode alone,False
8901063017627,1233,INR,UNKNOWN,1,insufficient_history,False,Not established by barcode alone,False
8901030970368,2754,INR,UNKNOWN,1,insufficient_history,False,Not established by barcode alone,False
8901030970351,2754,INR,UNKNOWN,1,insufficient_history,False,Not established by barcode alone,False
8901030953200,6387,INR,UNKNOWN,1,insufficient_history,False,Not established by barcode alone,False
8901030951091,1123,INR,UNKNOWN,1,insufficient_history,False,Not established by barcode alone,False
8901030942709,2754,INR,UNKNOWN,1,insufficient_history,False,Not established by barcode alone,False
8901030907449,2754,INR,UNKNOWN,1,insufficient_history,False,Not established by barcode alone,False
8901030902352,1664,INR,UNKNOWN,1,insufficient_history,False,Not established by barcode alone,False
8901030897542,2754,INR,UNKNOWN,1,insufficient_history,False,Not established by barcode alone,False
8901030975530,2674,INR,UNKNOWN,1,insufficient_history,False,Not established by barcode alone,False
8909106026346,2754,INR,UNKNOWN,1,insufficient_history,False,Not established by barcode alone,False
8909106018327,4310,INR,UNKNOWN,1,insufficient_history,False,Not established by barcode alone,False
8909106018006,2754,INR,UNKNOWN,1,insufficient_history,False,Not established by barcode alone,False
8909106013919,2754,INR,UNKNOWN,1,insufficient_history,False,Not established by barcode alone,False
8909106010772,3303,INR,UNKNOWN,1,insufficient_history,False,Not established by barcode alone,False
8909106006478,2754,INR,UNKNOWN,1,insufficient_history,False,Not established by barcode alone,False
8909081005053,5541,INR,UNKNOWN,1,insufficient_history,False,Not established by barcode alone,False
8909081001567,6237,INR,UNKNOWN,1,insufficient_history,False,Not established by barcode alone,False
8909081000263,3522,INR,UNKNOWN,1,insufficient_history,False,Not established by barcode alone,False
8906009077017,6076,INR,UNKNOWN,1,insufficient_history,False,Not established by barcode alone,False
4711387298565,6076,INR,UNKNOWN,1,insufficient_history,False,Not established by barcode alone,False
8909106050426,5803,INR,UNKNOWN,1,insufficient_history,False,Not established by barcode alone,False
8909106051096,2754,INR,UNKNOWN,1,insufficient_history,False,Not established by barcode alone,False
89080528,6060,INR,UNKNOWN,1,insufficient_history,False,Not established by barcode alone,False
00697259,5854,INR,UNKNOWN,1,insufficient_history,False,Not established by barcode alone,False
8901042968926,1738,INR,UNKNOWN,1,insufficient_history,False,Not established by barcode alone,False
8901030985843,2754,INR,UNKNOWN,1,insufficient_history,False,Not established by barcode alone,False
8901030985812,2754,INR,UNKNOWN,1,insufficient_history,False,Not established by barcode alone,False
00000723,2754,INR,UNKNOWN,1,insufficient_history,False,Not established by barcode alone,False
8908031662018,7533,INR,UNKNOWN,1,insufficient_history,False,Not established by barcode alone,False
8908024057012,1697,INR,UNKNOWN,1,insufficient_history,False,Not established by barcode alone,False
8908021821128,1511,INR,UNKNOWN,1,insufficient_history,False,Not established by barcode alone,False
8908021430016,2925,INR,UNKNOWN,1,insufficient_history,False,Not established by barcode alone,False
9786237447863,4508,INR,UNKNOWN,1,insufficient_history,False,Not established by barcode alone,False
7622202334009,3122,INR,UNKNOWN,1,insufficient_history,False,Not established by barcode alone,False
7622202237942,1249,INR,UNKNOWN,1,insufficient_history,False,Not established by barcode alone,False
7622202031618,1697,INR,UNKNOWN,1,insufficient_history,False,Not established by barcode alone,False
6971606793495,6214,INR,UNKNOWN,1,insufficient_history,False,Not established by barcode alone,False
4987205000140,2925,INR,UNKNOWN,1,insufficient_history,False,Not established by barcode alone,False
4987176244987,4412,INR,UNKNOWN,1,insufficient_history,False,Not established by barcode alone,False
4987176239976,5803,INR,UNKNOWN,1,insufficient_history,False,Not established by barcode alone,False
4897036695678,5613,INR,UNKNOWN,1,insufficient_history,False,Not established by barcode alone,False
8000500418512,4975,INR,UNKNOWN,1,insufficient_history,False,Not established by barcode alone,False
8908004114445,1439,INR,UNKNOWN,1,insufficient_history,False,Not established by barcode alone,False
8908005144359,3111,INR,UNKNOWN,1,insufficient_history,False,Not established by barcode alone,False
8908007499648,6968,INR,UNKNOWN,1,insufficient_history,False,Not established by barcode alone,False
8908008011238,7408,INR,UNKNOWN,1,insufficient_history,False,Not established by barcode alone,False
8901192205100,3501,INR,UNKNOWN,1,insufficient_history,False,Not established by barcode alone,False
8901207027253,2754,INR,UNKNOWN,1,insufficient_history,False,Not established by barcode alone,False
8901207027420,2754,INR,UNKNOWN,1,insufficient_history,False,Not established by barcode alone,False
8901491503051,7041,INR,UNKNOWN,1,insufficient_history,False,Not established by barcode alone,False
8901499010476,2792,INR,UNKNOWN,1,insufficient_history,False,Not established by barcode alone,False
8901499011534,1301,INR,UNKNOWN,1,insufficient_history,False,Not established by barcode alone,False
8901512102904,3251,INR,UNKNOWN,1,insufficient_history,False,Not established by barcode alone,False
8901262180115,5438,INR,UNKNOWN,1,insufficient_history,False,Not established by barcode alone,False
8901262201001,4288,INR,UNKNOWN,1,insufficient_history,False,Not established by barcode alone,False
8901262223379,4288,INR,UNKNOWN,1,insufficient_history,False,Not established by barcode alone,False
8901262301435,4180,INR,UNKNOWN,1,insufficient_history,False,Not established by barcode alone,False
8908013479122,4357,INR,UNKNOWN,1,insufficient_history,False,Not established by barcode alone,False
8906192033173,6076,INR,UNKNOWN,1,insufficient_history,False,Not established by barcode alone,False
8909106030534,2754,INR,UNKNOWN,1,insufficient_history,False,Not established by barcode alone,False
8906161680049,4664,INR,UNKNOWN,1,insufficient_history,False,Not established by barcode alone,False
8906153561707,4180,INR,UNKNOWN,1,insufficient_history,False,Not established by barcode alone,False
8906143890107,1697,INR,UNKNOWN,1,insufficient_history,False,Not established by barcode alone,False
8906140204020,1738,INR,UNKNOWN,1,insufficient_history,False,Not established by barcode alone,False
8901725007102,3419,INR,UNKNOWN,1,insufficient_history,False,Not established by barcode alone,False
8901262301862,1697,INR,UNKNOWN,1,insufficient_history,False,Not established by barcode alone,False
8901725001070,1738,INR,UNKNOWN,1,insufficient_history,False,Not established by barcode alone,False
8901719135354,3967,INR,UNKNOWN,1,insufficient_history,False,Not established by barcode alone,False
8901396601517,2589,INR,UNKNOWN,1,insufficient_history,False,Not established by barcode alone,False
8901396389682,5803,INR,UNKNOWN,1,insufficient_history,False,Not established by barcode alone,False
8901396151005,2754,INR,UNKNOWN,1,insufficient_history,False,Not established by barcode alone,False
8901393019117,3023,INR,UNKNOWN,1,insufficient_history,False,Not established by barcode alone,False
8901314009081,2754,INR,UNKNOWN,1,insufficient_history,False,Not established by barcode alone,False
8901288011004,2925,INR,UNKNOWN,1,insufficient_history,False,Not established by barcode alone,False
8901725006693,1349,INR,UNKNOWN,1,insufficient_history,False,Not established by barcode alone,False
8901262090469,4288,INR,UNKNOWN,1,insufficient_history,False,Not established by barcode alone,False
8901262071048,2226,INR,UNKNOWN,1,insufficient_history,False,Not established by barcode alone,False
8901246005373,3143,INR,UNKNOWN,1,insufficient_history,False,Not established by barcode alone,False
8901242513919,1349,INR,UNKNOWN,1,insufficient_history,False,Not established by barcode alone,False
8901207062865,3142,INR,UNKNOWN,1,insufficient_history,False,Not established by barcode alone,False
8901207052804,2754,INR,UNKNOWN,1,insufficient_history,False,Not established by barcode alone,False
8901058005080,1439,INR,UNKNOWN,1,insufficient_history,False,Not established by barcode alone,False
8908003718439,7003,INR,UNKNOWN,1,insufficient_history,False,Not established by barcode alone,False
8901044250197,5613,INR,UNKNOWN,1,insufficient_history,False,Not established by barcode alone,False
8901044105343,3106,INR,UNKNOWN,1,insufficient_history,False,Not established by barcode alone,False
8908017474444,4363,INR,UNKNOWN,1,insufficient_history,False,Not established by barcode alone,False
8908016018045,5185,INR,UNKNOWN,1,insufficient_history,False,Not established by barcode alone,False
8908015676215,4288,INR,UNKNOWN,1,insufficient_history,False,Not established by barcode alone,False
89080153,2455,INR,UNKNOWN,1,insufficient_history,False,Not established by barcode alone,False
8908014757045,4288,INR,UNKNOWN,1,insufficient_history,False,Not established by barcode alone,False
8908014250003,3117,INR,UNKNOWN,1,insufficient_history,False,Not established by barcode alone,False
8901058001198,1821,INR,UNKNOWN,1,insufficient_history,False,Not established by barcode alone,False
8908003392332,2575,INR,UNKNOWN,1,insufficient_history,False,Not established by barcode alone,False
8908002735055,4666,INR,UNKNOWN,1,insufficient_history,False,Not established by barcode alone,False
8908002584103,3244,INR,UNKNOWN,1,insufficient_history,False,Not established by barcode alone,False
8908002506969,3682,INR,UNKNOWN,1,insufficient_history,False,Not established by barcode alone,False
8908002126068,2186,INR,UNKNOWN,1,insufficient_history,False,Not established by barcode alone,False
8908001658058,3153,INR,UNKNOWN,1,insufficient_history,False,Not established by barcode alone,False
8908001105446,1697,INR,UNKNOWN,1,insufficient_history,False,Not established by barcode alone,False
8901262152228,5223,INR,UNKNOWN,1,insufficient_history,False,Not established by barcode alone,False
8901088002530,3251,INR,UNKNOWN,1,insufficient_history,False,Not established by barcode alone,False
8901063368606,6076,INR,UNKNOWN,1,insufficient_history,False,Not established by barcode alone,False
8901063162600,2455,INR,UNKNOWN,1,insufficient_history,False,Not established by barcode alone,False
8901063092754,3244,INR,UNKNOWN,1,insufficient_history,False,Not established by barcode alone,False
8901063032675,5434,INR,UNKNOWN,1,insufficient_history,False,Not established by barcode alone,False
8901063029316,3612,INR,UNKNOWN,1,insufficient_history,False,Not established by barcode alone,False
8901063019188,2792,INR,UNKNOWN,1,insufficient_history,False,Not established by barcode alone,False
8901262153331,2014,INR,UNKNOWN,1,insufficient_history,False,Not established by barcode alone,False
8901138836108,5803,INR,UNKNOWN,1,insufficient_history,False,Not established by barcode alone,False
0726436140836,7246,INR,UNKNOWN,0,insufficient_history,False,Not established by barcode alone,False
0941559124543,2860,INR,UNKNOWN,0,insufficient_history,False,Not established by barcode alone,False
0986614900106,3977,INR,UNKNOWN,0,insufficient_history,False,Not established by barcode alone,False
8939217882562,3777,INR,UNKNOWN,0,insufficient_history,False,Not established by barcode alone,False
8996001312476,7550,INR,UNKNOWN,0,insufficient_history,False,Not established by barcode alone,False
8906005274137,3137,INR,UNKNOWN,0,insufficient_history,False,Not established by barcode alone,False
8906005506924,1729,INR,UNKNOWN,0,insufficient_history,False,Not established by barcode alone,False
8906006783362,5615,INR,UNKNOWN,0,insufficient_history,False,Not established by barcode alone,False
8906010090869,3038,INR,UNKNOWN,0,insufficient_history,False,Not established by barcode alone,False
8906010500375,4430,INR,UNKNOWN,0,insufficient_history,False,Not established by barcode alone,False
8904288611403,2386,INR,UNKNOWN,0,insufficient_history,False,Not established by barcode alone,False
8905532004736,7343,INR,UNKNOWN,0,insufficient_history,False,Not established by barcode alone,False
8905604003025,3729,INR,UNKNOWN,0,insufficient_history,False,Not established by barcode alone,False
8906001020196,5615,INR,UNKNOWN,0,insufficient_history,False,Not established by barcode alone,False
8906002008537,3430,INR,UNKNOWN,0,insufficient_history,False,Not established by barcode alone,False
8906002482450,1663,INR,UNKNOWN,0,insufficient_history,False,Not established by barcode alone,False
8904071700864,7246,INR,UNKNOWN,0,insufficient_history,False,Not established by barcode alone,False
8904132959309,6766,INR,UNKNOWN,0,insufficient_history,False,Not established by barcode alone,False
8906010502294,3503,INR,UNKNOWN,0,insufficient_history,False,Not established by barcode alone,False
8906010503253,4097,INR,UNKNOWN,0,insufficient_history,False,Not established by barcode alone,False
8906020460010,3739,INR,UNKNOWN,0,insufficient_history,False,Not established by barcode alone,False
8906036300041,7484,INR,UNKNOWN,0,insufficient_history,False,Not established by barcode alone,False
8902901222456,65,INR,UNKNOWN,0,insufficient_history,False,Not established by barcode alone,False
8903363010704,2370,INR,UNKNOWN,0,insufficient_history,False,Not established by barcode alone,False
8904043551548,1467,INR,UNKNOWN,0,insufficient_history,False,Not established by barcode alone,False
8904057301757,6089,INR,UNKNOWN,0,insufficient_history,False,Not established by barcode alone,False
8904063255518,1144,INR,UNKNOWN,0,insufficient_history,False,Not established by barcode alone,False
8906036670977,1467,INR,UNKNOWN,0,insufficient_history,False,Not established by barcode alone,False
8906041151348,3107,INR,UNKNOWN,0,insufficient_history,False,Not established by barcode alone,False
8906043190451,5676,INR,UNKNOWN,0,insufficient_history,False,Not established by barcode alone,False
8906059639890,789,INR,UNKNOWN,0,insufficient_history,False,Not established by barcode alone,False
8906065030131,613,INR,UNKNOWN,0,insufficient_history,False,Not established by barcode alone,False
8906066851452,805,INR,UNKNOWN,0,insufficient_history,False,Not established by barcode alone,False
8906069400060,721,INR,UNKNOWN,0,insufficient_history,False,Not established by barcode alone,False
8906076132640,1853,INR,UNKNOWN,0,insufficient_history,False,Not established by barcode alone,False
8906078722122,3113,INR,UNKNOWN,0,insufficient_history,False,Not established by barcode alone,False
8902080000227,3390,INR,UNKNOWN,0,insufficient_history,False,Not established by barcode alone,False
8902080105045,4576,INR,UNKNOWN,0,insufficient_history,False,Not established by barcode alone,False
8902433003738,6197,INR,UNKNOWN,0,insufficient_history,False,Not established by barcode alone,False
8901725013684,6987,INR,UNKNOWN,0,insufficient_history,False,Not established by barcode alone,False
8901725015275,6683,INR,UNKNOWN,0,insufficient_history,False,Not established by barcode alone,False
8901764042911,1467,INR,UNKNOWN,0,insufficient_history,False,Not established by barcode alone,False
8901764372803,3729,INR,UNKNOWN,0,insufficient_history,False,Not established by barcode alone,False
8906080604652,6369,INR,UNKNOWN,0,insufficient_history,False,Not established by barcode alone,False
8906080604751,1467,INR,UNKNOWN,0,insufficient_history,False,Not established by barcode alone,False
8906080604812,1467,INR,UNKNOWN,0,insufficient_history,False,Not established by barcode alone,False
8906090572217,5615,INR,UNKNOWN,0,insufficient_history,False,Not established by barcode alone,False
8906112662414,4721,INR,UNKNOWN,0,insufficient_history,False,Not established by barcode alone,False
8906112993723,4721,INR,UNKNOWN,0,insufficient_history,False,Not established by barcode alone,False
8906117363637,692,INR,UNKNOWN,0,insufficient_history,False,Not established by barcode alone,False
8906120100137,4721,INR,UNKNOWN,0,insufficient_history,False,Not established by barcode alone,False
8906125483976,7273,INR,UNKNOWN,0,insufficient_history,False,Not established by barcode alone,False
8901595853403,905,INR,UNKNOWN,0,insufficient_history,False,Not established by barcode alone,False
8901595854127,3038,INR,UNKNOWN,0,insufficient_history,False,Not established by barcode alone,False
8901648002444,1467,INR,UNKNOWN,0,insufficient_history,False,Not established by barcode alone,False
8901648097983,5615,INR,UNKNOWN,0,insufficient_history,False,Not established by barcode alone,False
8901652140583,1144,INR,UNKNOWN,0,insufficient_history,False,Not established by barcode alone,False
8901652141047,5913,INR,UNKNOWN,0,insufficient_history,False,Not established by barcode alone,False
8901719131141,3118,INR,UNKNOWN,0,insufficient_history,False,Not established by barcode alone,False
8901725012335,934,INR,UNKNOWN,0,insufficient_history,False,Not established by barcode alone,False
8906140881405,1694,INR,UNKNOWN,0,insufficient_history,False,Not established by barcode alone,False
8906142560421,1467,INR,UNKNOWN,0,insufficient_history,False,Not established by barcode alone,False
8906146680958,721,INR,UNKNOWN,0,insufficient_history,False,Not established by barcode alone,False
8906161390795,3038,INR,UNKNOWN,0,insufficient_history,False,Not established by barcode alone,False
8906161391600,3038,INR,UNKNOWN,0,insufficient_history,False,Not established by barcode alone,False
8906161391846,3038,INR,UNKNOWN,0,insufficient_history,False,Not established by barcode alone,False
8907892000540,6987,INR,UNKNOWN,0,insufficient_history,False,Not established by barcode alone,False
8907892000823,6987,INR,UNKNOWN,0,insufficient_history,False,Not established by barcode alone,False
8908000861947,6330,INR,UNKNOWN,0,insufficient_history,False,Not established by barcode alone,False
8908001017855,5345,INR,UNKNOWN,0,insufficient_history,False,Not established by barcode alone,False
8901401000489,1192,INR,UNKNOWN,0,insufficient_history,False,Not established by barcode alone,False
8901491100533,6987,INR,UNKNOWN,0,insufficient_history,False,Not established by barcode alone,False
8901512562609,721,INR,UNKNOWN,0,insufficient_history,False,Not established by barcode alone,False
8901548310403,4971,INR,UNKNOWN,0,insufficient_history,False,Not established by barcode alone,False
8901548431177,1192,INR,UNKNOWN,0,insufficient_history,False,Not established by barcode alone,False
8901571004829,3430,INR,UNKNOWN,0,insufficient_history,False,Not established by barcode alone,False
8901262176637,6680,INR,UNKNOWN,0,insufficient_history,False,Not established by barcode alone,False
8901262180016,4720,INR,UNKNOWN,0,insufficient_history,False,Not established by barcode alone,False
8901393018134,2052,INR,UNKNOWN,0,insufficient_history,False,Not established by barcode alone,False
8901396350200,4105,INR,UNKNOWN,0,insufficient_history,False,Not established by barcode alone,False
8908002105117,2370,INR,UNKNOWN,0,insufficient_history,False,Not established by barcode alone,False
8908002701197,3430,INR,UNKNOWN,0,insufficient_history,False,Not established by barcode alone,False
8908005144076,1129,INR,UNKNOWN,0,insufficient_history,False,Not established by barcode alone,False
8908009059154,1853,INR,UNKNOWN,0,insufficient_history,False,Not established by barcode alone,False
8901262010320,4271,INR,UNKNOWN,0,insufficient_history,False,Not established by barcode alone,False
8901262151344,6987,INR,UNKNOWN,0,insufficient_history,False,Not established by barcode alone,False
8901262152860,6496,INR,UNKNOWN,0,insufficient_history,False,Not established by barcode alone,False
8901262172493,6986,INR,UNKNOWN,0,insufficient_history,False,Not established by barcode alone,False
8901063017719,1470,INR,UNKNOWN,0,insufficient_history,False,Not established by barcode alone,False
8901063155442,1737,INR,UNKNOWN,0,insufficient_history,False,Not established by barcode alone,False
8901063341500,1129,INR,UNKNOWN,0,insufficient_history,False,Not established by barcode alone,False
8901063342026,1129,INR,UNKNOWN,0,insufficient_history,False,Not established by barcode alone,False
8901063370050,4719,INR,UNKNOWN,0,insufficient_history,False,Not established by barcode alone,False
8901123001214,6425,INR,UNKNOWN,0,insufficient_history,False,Not established by barcode alone,False
8901138500719,2762,INR,UNKNOWN,0,insufficient_history,False,Not established by barcode alone,False
8908013223091,7517,INR,UNKNOWN,0,insufficient_history,False,Not established by barcode alone,False
8908013982646,721,INR,UNKNOWN,0,insufficient_history,False,Not established by barcode alone,False
8908017962507,6815,INR,UNKNOWN,0,insufficient_history,False,Not established by barcode alone,False
8908017962569,6159,INR,UNKNOWN,0,insufficient_history,False,Not established by barcode alone,False
8908020710102,886,INR,UNKNOWN,0,insufficient_history,False,Not established by barcode alone,False
8901058005233,4097,INR,UNKNOWN,0,insufficient_history,False,Not established by barcode alone,False
8901058017687,5774,INR,UNKNOWN,0,insufficient_history,False,Not established by barcode alone,False
8901058022216,6745,INR,UNKNOWN,0,insufficient_history,False,Not established by barcode alone,False
8901058024425,6987,INR,UNKNOWN,0,insufficient_history,False,Not established by barcode alone,False
8901058027129,5615,INR,UNKNOWN,0,insufficient_history,False,Not established by barcode alone,False
8901058861921,5898,INR,UNKNOWN,0,insufficient_history,False,Not established by barcode alone,False
8901058895780,609,INR,UNKNOWN,0,insufficient_history,False,Not established by barcode alone,False
8901030971839,721,INR,UNKNOWN,0,insufficient_history,False,Not established by barcode alone,False
8901042955254,3038,INR,UNKNOWN,0,insufficient_history,False,Not established by barcode alone,False
8720169185777,5378,INR,UNKNOWN,0,insufficient_history,False,Not established by barcode alone,False
8809624507009,2587,INR,UNKNOWN,0,insufficient_history,False,Not established by barcode alone,False
89009758,6538,INR,UNKNOWN,0,insufficient_history,False,Not established by barcode alone,False
8901030739019,1682,INR,UNKNOWN,0,insufficient_history,False,Not established by barcode alone,False
8901030851070,3039,INR,UNKNOWN,0,insufficient_history,False,Not established by barcode alone,False
4987176164155,4879,INR,UNKNOWN,0,insufficient_history,False,Not established by barcode alone,False
7452212959974,6731,INR,UNKNOWN,0,insufficient_history,False,Not established by barcode alone,False
7622202307171,4097,INR,UNKNOWN,0,insufficient_history,False,Not established by barcode alone,False
8908023008022,2706,INR,UNKNOWN,0,insufficient_history,False,Not established by barcode alone,False
00027687,3113,INR,UNKNOWN,0,insufficient_history,False,Not established by barcode alone,False
